{"cameraMode":{"drawMode":0,"name":"Shaded","section":"Shading Mode"},"sceneLighting":true,"audioPlay":false,"sceneViewState":{"m_AlwaysRefresh":false,"showFog":true,"showSkybox":true,"showFlares":true,"showImageEffects":true,"showParticleSystems":true,"showVisualEffectGraphs":true,"m_FxEnabled":true},"in2DMode":false,"pivot":{"x":7.396169662475586,"y":2.1900711059570314,"z":-15.1929931640625},"rotation":{"x":-0.09747546911239624,"y":-0.06026136875152588,"z":0.0059150210581719879,"w":-0.9934103488922119},"size":42.99235534667969,"orthographic":false}